CandidateName,ContactAddress,ContactPhone,ContactEmail,PartyCode
Sydelle Rattenbury,15th Floor,(190) 2320393,srattenbury0@dailymotion.com,AAHP
Janeen Keating,2nd Floor,(311) 1409665,jkeating1@vistaprint.com,ABFA
Lorelei Kerwick,PO Box 21653,(895) 8658766,lkerwick2@admin.ch,ACP
Nikkie Southgate,Suite 78,(466) 9972300,nsouthgate3@unesco.org,AFN
Kassia Tindley,6th Floor,(569) 5619913,ktindley4@unc.edu,AJP
Pier Joire,Suite 31,(649) 4106158,pjoire5@diigo.com,ALA
Avictor Foley,Apt 461,(529) 4827284,afoley6@huffingtonpost.com,ALP
Lynda Punt,1st Floor,(395) 8621881,lpunt7@slideshare.net,AMHP
Jillene Gummow,PO Box 70871,(832) 5747877,jgummow8@mapquest.com,APEP
Jerad Westberg,Room 803,(303) 4985095,jwestberg9@free.fr,ARTS
Erasmus Bakhrushkin,7th Floor,(929) 5233827,ebakhrushkina@auda.org.au,ASP
Egon Upson,PO Box 91099,(369) 9087252,eupsonb@economist.com,AUC
Lannie Yakobowitz,PO Box 95812,(567) 9275866,lyakobowitzc@google.co.jp,AUD
Ber Salomon,Room 1579,(692) 8825878,bsalomond@taobao.com,AUP
Zondra Ockenden,Suite 37,(583) 7507091,zockendene@artisteer.com,AWP
Dorolisa Warby,5th Floor,(572) 1671529,dwarbyf@github.io,CA
Barton Morrell,Apt 429,(254) 3041208,bmorrellg@typepad.com,CDP
Kay Watting,PO Box 87876,(186) 4940846,kwattingh@ucoz.com,CEC
Erinn Ballantyne,PO Box 73370,(282) 5692286,eballantynei@zdnet.com,CLP
Shalom Fussell,Apt 1926,(664) 8137494,sfussellj@guardian.co.uk,CLR
Dayna Nottram,Room 69,(723) 3100466,dnottramk@yellowbook.com,CPP
Nev Blampey,Suite 65,(662) 9448374,nblampeyl@joomla.org,CYA
Cathryn Hassell,Suite 98,(947) 8064149,chassellm@w3.org,DHJP
Elisha Trustrie,Apt 1081,(839) 4221379,etrustrien@gravatar.com,DLP
Ly Raoul,Suite 68,(238) 1008335,lraoulo@furl.net,FACN
Lloyd Lazenbury,Room 733,(562) 5446584,llazenburyp@over-blog.com,FLUX
Jethro Grabb,Suite 25,(457) 3729786,jgrabbq@ifeng.com,FUT
Moselle Corrison,17th Floor,(326) 8300673,mcorrisonr@so-net.ne.jp,GAP
Ichabod Rizon,Apt 1426,(171) 1100180,irizons@comcast.net,GRN
Jacky Hawkslee,Suite 56,(350) 7259316,jhawksleet@mail.ru,GVIC
Honoria de Chastelain,Apt 65,(109) 4515931,hdeu@tiny.cc,HMP
Doyle Dockrell,Room 704,(310) 5859115,ddockrellv@1688.com,ICAN
Patricio Gallo,Suite 7,(709) 1023872,pgallow@forbes.com,IMO
Jenna Colleton,Room 1419,(259) 2446583,jcolletonx@zimbio.com,JLN
Boony Morkham,Apt 234,(793) 7119578,bmorkhamy@ucoz.ru,KAP
Clo Lovelock,15th Floor,(786) 1982560,clovelockz@nsw.gov.au,LAOL
Sansone Olley,PO Box 72130,(953) 8457873,solley10@foxnews.com,LDP
Kala Guerrieri,Apt 1747,(559) 7070090,kguerrieri11@yahoo.com,LNP
Kleon Testo,Apt 1199,(803) 1630183,ktesto12@bing.com,LP
Missy Wyeth,Room 583,(495) 7034442,mwyeth13@theglobeandmail.com,NCP
Staffard Sitlington,Suite 33,(898) 9345866,ssitlington14@google.pl,NMP
Yehudit Diloway,Room 1857,(506) 3851808,ydiloway15@discovery.com,NP
Charo Pummell,Suite 3,(328) 1913230,cpummell16@networksolutions.com,PHON
Juliette Culter,19th Floor,(548) 4678102,jculter17@ebay.co.uk,PIR
Quintin Dominetti,Suite 70,(646) 8770813,qdominetti18@wired.com,REAS
Gregory Dmytryk,Suite 86,(311) 3114192,gdmytryk19@salon.com,RPA
Timmy Flowers,Room 1475,(598) 3684792,tflowers1a@etsy.com,RUA
Kayne Chess,Suite 75,(819) 3470128,kchess1b@addtoany.com,SAL
Marc Hayers,13th Floor,(678) 6736478,mhayers1c@cafepress.com,SEP
Gavan Wimbury,Suite 20,(891) 6454782,gwimbury1d@pinterest.com,SOL
Conrad Harses,PO Box 68060,(913) 8062392,charses1e@github.com,SPA
Luisa Pridgeon,6th Floor,(138) 9493399,lpridgeon1f@time.com,SPP
Jacquelyn Dillway,Suite 59,(297) 2739261,jdillway1g@theatlantic.com,SUN
Gerri Larkcum,Room 1135,(961) 5369749,glarkcum1h@cisco.com,TSBP
Eb Roomes,Suite 70,(214) 1092385,eroomes1i@hugedomains.com,TSSA
Cross Hargie,Suite 74,(196) 9584644,chargie1j@abc.net.au,TTP
Tomi Pedrocchi,Apt 1700,(574) 3970808,tpedrocchi1k@tripadvisor.com,TWP
Dody Abrahim,PO Box 56256,(915) 5039015,dabrahim1l@nationalgeographic.com,UAP
Pansy Nowak,Apt 199,(414) 6563176,pnowak1m@state.gov,VEP
Karina Beccera,20th Floor,(925) 6509919,kbeccera1n@who.int,VNS
Caitrin Fero,Apt 736,(840) 7320449,cfero1o@cdc.gov,WAP
Hatty Baudasso,PO Box 35577,(109) 9902621,hbaudasso1p@constantcontact.com,IND
Blanche Panchen,PO Box 17336,(970) 6262499,bpanchen1q@china.com.cn,AG
Magdalena Kilduff,Room 339,(832) 7270450,mkilduff1r@i2i.jp,NATS
Tabbie Ligertwood,Suite 97,(421) 1444214,tligertwood1s@china.com.cn,AAHP
Randy Cayet,Room 1383,(187) 7822603,rcayet1t@mapquest.com,ABFA
Timmie Angove,Room 1807,(190) 7853437,tangove1u@smh.com.au,ACP
Lucky Fellos,Apt 1740,(929) 5486527,lfellos1v@hao123.com,AFN
Win Ruddock,Room 1707,(882) 4138887,wruddock1w@springer.com,AJP
Mira Ritchley,Apt 740,(573) 1680122,mritchley1x@paypal.com,ALA
Karlotta Fenimore,PO Box 53259,(402) 1944496,kfenimore1y@friendfeed.com,ALP
Rodina Bollam,Room 1444,(734) 2700834,rbollam1z@artisteer.com,AMHP
Benedikt Pilipets,Apt 1860,(681) 7847371,bpilipets20@tamu.edu,APEP
Virgilio Jordanson,PO Box 17767,(972) 1143821,vjordanson21@upenn.edu,ARTS
Farica Midford,PO Box 61670,(581) 8426397,fmidford22@ustream.tv,ASP
Mathilde Messam,Room 1787,(409) 2872396,mmessam23@bizjournals.com,AUC
Hermann Kopfen,Room 446,(606) 2106467,hkopfen24@tiny.cc,AUD
Beverlee Bondy,Suite 67,(202) 5820267,bbondy25@baidu.com,AUP
Even McCluskey,PO Box 22467,(376) 1125882,emccluskey26@friendfeed.com,AWP
Aristotle Coxhell,9th Floor,(427) 4516786,acoxhell27@blogger.com,CA
Danice Demko,PO Box 74989,(429) 3969066,ddemko28@w3.org,CDP
Carlynne Sizey,Room 122,(769) 5559277,csizey29@youtube.com,CEC
Antoni Tiery,Room 33,(193) 5109701,atiery2a@thetimes.co.uk,CLP
Jimmy Lynock,Room 459,(127) 7800902,jlynock2b@bandcamp.com,CLR
Natasha Chastel,Suite 56,(922) 6851462,nchastel2c@t-online.de,CPP
Ray Menchenton,Apt 370,(904) 4013881,rmenchenton2d@amazon.co.uk,CYA
Corrina Reiling,Suite 80,(240) 1550097,creiling2e@gmpg.org,DHJP
Padgett Perl,Suite 52,(658) 1451079,pperl2f@t.co,DLP
Nesta Bessell,Suite 1,(519) 6757563,nbessell2g@timesonline.co.uk,FACN
Phillie Simison,Suite 55,(708) 9991652,psimison2h@amazon.co.jp,FLUX
Clarette LAbbet,Suite 38,(980) 2568076,clabbet2i@wordpress.org,FUT
Angelika Jouning,Apt 1357,(136) 2172207,ajouning2j@cbsnews.com,GAP
Jenifer Signe,Apt 1531,(561) 9464666,jsigne2k@alibaba.com,GRN
Otis Ridout,Apt 134,(736) 8166730,oridout2l@state.gov,GVIC
Emanuel Dalinder,Apt 985,(557) 9876737,edalinder2m@constantcontact.com,HMP
Sidonia Brushneen,Room 1778,(304) 3081072,sbrushneen2n@businessinsider.com,ICAN
Deerdre Gideon,Apt 832,(992) 1633627,dgideon2o@va.gov,IMO
Tracee Rudinger,Suite 59,(388) 8446852,trudinger2p@ebay.com,JLN
Somerset Monelle,Apt 992,(977) 3063828,smonelle2q@opensource.org,KAP
Cosetta Jerams,PO Box 46268,(869) 6884717,cjerams2r@google.com.au,LAOL
Beau Biffin,Apt 1538,(653) 1212006,bbiffin2s@nationalgeographic.com,LDP
Gillan Byass,Apt 674,(302) 7043480,gbyass2t@ow.ly,LNP
Clarice Mill,Apt 578,(205) 5083847,cmill2u@shutterfly.com,LP
Broddie Mewha,3rd Floor,(994) 5323976,bmewha2v@people.com.cn,NCP
Moll MacNeilage,Suite 52,(555) 7694075,mmacneilage2w@constantcontact.com,NMP
Raymond Radbone,12th Floor,(691) 5344259,rradbone2x@bigcartel.com,NP
Sybil Leindecker,Room 28,(287) 9278445,sleindecker2y@state.tx.us,PHON
Karissa Picopp,Apt 1696,(513) 6623451,kpicopp2z@topsy.com,PIR
Becka Aspole,Suite 2,(871) 5491143,baspole30@51.la,REAS
Hestia Bolt,Room 582,(525) 3398530,hbolt31@virginia.edu,RPA
Illa Beaglehole,Room 730,(235) 5773795,ibeaglehole32@e-recht24.de,RUA
Gavin Borne,16th Floor,(831) 7571447,gborne33@gov.uk,SAL
Monti Shropsheir,Suite 85,(314) 4792277,mshropsheir34@nydailynews.com,SEP
Frances Purver,9th Floor,(977) 1483742,fpurver35@mit.edu,SOL
Modesty Gudgeon,3rd Floor,(451) 2490308,mgudgeon36@eventbrite.com,SPA
Ketti Giuroni,PO Box 66914,(777) 6469883,kgiuroni37@sitemeter.com,SPP
Gayle Canero,Room 1214,(286) 1557342,gcanero38@jimdo.com,SUN
Maddie Baguley,Apt 626,(211) 1619273,mbaguley39@cbsnews.com,TSBP
Lorianna Kittel,Suite 93,(234) 3677563,lkittel3a@netlog.com,TSSA
Ethelyn Davis,Suite 85,(900) 7086295,edavis3b@hhs.gov,TTP
Morse Barthrop,Suite 8,(819) 3130089,mbarthrop3c@tinyurl.com,TWP
Sylvester Wainwright,5th Floor,(983) 2539259,swainwright3d@comsenz.com,UAP
Mora Yakhin,Suite 74,(529) 5376264,myakhin3e@utexas.edu,VEP
Amy Bergstrand,Apt 1961,(376) 9483272,abergstrand3f@google.it,VNS
Alex Dalyiel,Room 507,(666) 3931213,adalyiel3g@newyorker.com,WAP
Faustina Robrose,Apt 537,(324) 6780806,frobrose3h@dedecms.com,IND
Vladamir Sothcott,Room 1500,(520) 7610926,vsothcott3i@ycombinator.com,AG
Ynez Catherine,Room 1994,(258) 6625155,ycatherine3j@drupal.org,NATS
Carie Crosskill,2nd Floor,(503) 3921644,ccrosskill3k@goodreads.com,AAHP
Melisenda Ratcliff,Suite 4,(126) 4936385,mratcliff3l@google.fr,ABFA
Ginny Melmore,Suite 28,(215) 3718795,gmelmore3m@blog.com,ACP
Alyson Radoux,Apt 1792,(835) 8098309,aradoux3n@sohu.com,AFN
Nollie Augustine,Room 894,(327) 7375341,naugustine3o@qq.com,AJP
Christal Amorine,14th Floor,(705) 2946351,camorine3p@addtoany.com,ALA
Rabbi Grimmolby,12th Floor,(449) 1562222,rgrimmolby3q@wikispaces.com,ALP
Brunhilda Maxsted,Room 388,(667) 4735860,bmaxsted3r@netvibes.com,AMHP
Chico Wimsett,Room 315,(247) 5656402,cwimsett3s@issuu.com,APEP
Rozella Chittey,PO Box 44315,(440) 7486129,rchittey3t@moonfruit.com,ARTS
Anthony Hedgeman,Apt 1297,(502) 9594102,ahedgeman3u@pen.io,ASP
Nealon Cartmill,Suite 82,(831) 1200806,ncartmill3v@chronoengine.com,AUC
Parrnell McLafferty,Room 377,(675) 6240692,pmclafferty3w@stanford.edu,AUD
Suzanne Chavrin,Suite 75,(565) 3156226,schavrin3x@java.com,AUP
Idelle Ottery,PO Box 80260,(754) 7687639,iottery3y@symantec.com,AWP
Parry Toderi,Suite 69,(137) 1624276,ptoderi3z@blog.com,CA
Henderson Morris,Room 1556,(854) 2997181,hmorris40@tiny.cc,CDP
Gerhardt Otham,12th Floor,(209) 3436700,gotham41@netscape.com,CEC
Almeta Klarzynski,PO Box 13468,(432) 4641557,aklarzynski42@bluehost.com,CLP
Abbie Kubiak,Apt 626,(352) 8876227,akubiak43@ovh.net,CLR
Wilburt Di Matteo,Apt 1529,(376) 6553127,wdi44@alexa.com,CPP
Frank Ferier,PO Box 32815,(131) 7072087,fferier45@amazon.co.jp,CYA
Sebastien O'Henecan,14th Floor,(358) 5263899,sohenecan46@comcast.net,DHJP
Cello Ordemann,Suite 34,(247) 4403809,cordemann47@networkadvertising.org,DLP
Rodrick Wornum,Room 65,(194) 5104965,rwornum48@nymag.com,FACN
Jard Belchamp,20th Floor,(263) 4260737,jbelchamp49@prlog.org,FLUX
Felecia Fiddymont,Room 1166,(762) 5122612,ffiddymont4a@kickstarter.com,FUT
Hendrick Klaassens,12th Floor,(476) 5090013,hklaassens4b@dailymotion.com,GAP
Wallache Slym,Suite 20,(913) 5154073,wslym4c@squidoo.com,GRN
Othella Bertenshaw,Suite 43,(875) 7982440,obertenshaw4d@xinhuanet.com,GVIC
Victor Lightfoot,Room 1371,(711) 1523084,vlightfoot4e@gnu.org,HMP
Myrna Gissing,Suite 13,(211) 3273046,mgissing4f@ed.gov,ICAN
Gilli Paviour,Suite 31,(864) 3387296,gpaviour4g@cargocollective.com,IMO
Darren Vallentin,Suite 6,(695) 8621999,dvallentin4h@bbc.co.uk,JLN
Harriet Baccas,Suite 69,(348) 3364065,hbaccas4i@home.pl,KAP
Felicity Bennallck,Apt 1892,(814) 6957433,fbennallck4j@cocolog-nifty.com,LAOL
Salvidor McGahey,Apt 1930,(158) 2422128,smcgahey4k@archive.org,LDP
Palmer Rash,PO Box 24516,(868) 3061022,prash4l@paginegialle.it,LNP
Grethel Zecchii,Suite 77,(569) 4137153,gzecchii4m@spiegel.de,LP
Romeo Larkcum,Room 81,(815) 8806635,rlarkcum4n@sun.com,NCP
Emmy Adamolli,PO Box 5176,(183) 3523717,eadamolli4o@princeton.edu,NMP
Leopold Giorgione,Apt 1820,(981) 4181638,lgiorgione4p@indiatimes.com,NP
Bruno Bilverstone,7th Floor,(564) 8160846,bbilverstone4q@opensource.org,PHON
Albert Verduin,Room 1127,(339) 4460435,averduin4r@squarespace.com,PIR
Constanta Looney,Suite 88,(371) 7394771,clooney4s@blinklist.com,REAS
Cleopatra Duro,Room 1401,(596) 9778506,cduro4t@yelp.com,RPA
Bink Nucator,Room 906,(851) 6404303,bnucator4u@weebly.com,RUA
Archie Gallard,Room 1716,(502) 6941082,agallard4v@smh.com.au,SAL
Blondell Follet,PO Box 79886,(121) 1753035,bfollet4w@toplist.cz,SEP
Carlen Brownsword,Suite 7,(231) 5400222,cbrownsword4x@disqus.com,SOL
Caddric Willoughway,Apt 639,(330) 3816892,cwilloughway4y@economist.com,SPA
Pearla Gullifant,Suite 97,(269) 8439839,pgullifant4z@zdnet.com,SPP
Edik Patry,PO Box 96184,(725) 9278577,epatry50@latimes.com,SUN
Lorry Rustman,Suite 33,(491) 3605949,lrustman51@ycombinator.com,TSBP
Winne Chatin,PO Box 50784,(960) 6151177,wchatin52@csmonitor.com,TSSA
Myrtice Thornton,Room 1606,(750) 1436104,mthornton53@t-online.de,TTP
Anette Follan,PO Box 16412,(754) 8529607,afollan54@yellowbook.com,TWP
Torie Staddon,Suite 36,(623) 7314688,tstaddon55@foxnews.com,UAP
Eveleen Lefwich,PO Box 73636,(789) 2404092,elefwich56@wix.com,VEP
Sorcha Walkingshaw,Suite 26,(660) 1911776,swalkingshaw57@thetimes.co.uk,VNS
Gerrard Goodin,PO Box 36597,(666) 5033754,ggoodin58@youtu.be,WAP
Phillipp O'Donohue,Room 496,(688) 7366162,podonohue59@goo.ne.jp,IND
Ginni Gracewood,Apt 575,(111) 4556103,ggracewood5a@princeton.edu,AG
Dimitri Secretan,20th Floor,(314) 5110897,dsecretan5b@example.com,NATS
Kit Elster,PO Box 88669,(566) 3604585,kelster5c@wix.com,AAHP
Maridel Thurlbeck,16th Floor,(523) 7740584,mthurlbeck5d@baidu.com,ABFA
Mirabel Hinemoor,Room 1776,(884) 1408339,mhinemoor5e@bloglovin.com,ACP
Cymbre Corey,Room 1226,(463) 9058098,ccorey5f@nih.gov,AFN
Grantham Leathley,PO Box 49789,(460) 9550476,gleathley5g@smugmug.com,AJP
Genni Stovold,Suite 64,(626) 2967280,gstovold5h@un.org,ALA
Hailey Whittaker,Apt 544,(525) 5009778,hwhittaker5i@mit.edu,ALP
Minnaminnie Nyssen,Suite 77,(507) 6899588,mnyssen5j@weebly.com,AMHP
Mariya Tooting,6th Floor,(456) 1722851,mtooting5k@npr.org,APEP
Beatrice Errigo,Suite 63,(761) 2051654,berrigo5l@illinois.edu,ARTS
Cleavland Fullager,Room 1058,(383) 1807969,cfullager5m@mapy.cz,ASP
Tracee Deason,3rd Floor,(685) 3609693,tdeason5n@archive.org,AUC
Chance Marriott,Room 549,(996) 4016382,cmarriott5o@businesswire.com,AUD
Stormie Collins,7th Floor,(584) 1598612,scollins5p@discuz.net,AUP
Bridgette Swanston,PO Box 16332,(866) 2147410,bswanston5q@about.com,AWP
Konstantin Bourdon,Suite 31,(941) 7536020,kbourdon5r@google.nl,CA
Ginger Greenhough,PO Box 41717,(972) 8445241,ggreenhough5s@scientificamerican.com,CDP
Bunny Preedy,Suite 44,(307) 5238050,bpreedy5t@blogtalkradio.com,CEC
Stacie Garms,Apt 136,(384) 1795225,sgarms5u@hp.com,CLP
Clara De Dantesie,13th Floor,(502) 3836259,cde5v@smugmug.com,CLR
Kliment Mattheissen,PO Box 40048,(150) 1411661,kmattheissen5w@cloudflare.com,CPP
Pat Heimes,Suite 56,(218) 9024317,pheimes5x@cnn.com,CYA
Reinhold Pimbley,PO Box 26006,(890) 6075540,rpimbley5y@xing.com,DHJP
Blancha Akrigg,PO Box 65881,(242) 7733399,bakrigg5z@tumblr.com,DLP
Corilla Matys,PO Box 33461,(797) 8605427,cmatys60@jimdo.com,FACN
Filippo Safe,Suite 66,(628) 6277765,fsafe61@xrea.com,FLUX
Bram Oakwell,PO Box 61577,(502) 3173164,boakwell62@so-net.ne.jp,FUT
Wallie Brecknell,Apt 1274,(972) 7955491,wbrecknell63@freewebs.com,GAP
Angela Likely,8th Floor,(600) 4011459,alikely64@nbcnews.com,GRN
Annadiana Bastiman,Room 512,(105) 8702661,abastiman65@mayoclinic.com,GVIC
Sandro Van Arsdall,PO Box 36613,(278) 5814413,svan66@jalbum.net,HMP
Nananne Jerdein,Room 1794,(908) 6711108,njerdein67@ustream.tv,ICAN
Jasmine Callan,17th Floor,(346) 5741862,jcallan68@w3.org,IMO
Art Kolczynski,Room 582,(789) 1164890,akolczynski69@mozilla.org,JLN
Joellen Glamart,Apt 576,(360) 3902122,jglamart6a@theatlantic.com,KAP
Pascal Sowten,Suite 44,(920) 1398556,psowten6b@jigsy.com,LAOL
Maggy Guesford,Apt 146,(548) 8630817,mguesford6c@reverbnation.com,LDP
Kari Grebbin,Room 1836,(552) 9084266,kgrebbin6d@tiny.cc,LNP
Derward MacCoughan,Suite 63,(190) 4217022,dmaccoughan6e@ox.ac.uk,LP
Elita Ramlot,Apt 786,(369) 4243863,eramlot6f@issuu.com,NCP
Ann Pringle,Room 1290,(309) 7191437,apringle6g@myspace.com,NMP
Nickola Osipov,PO Box 616,(501) 7147836,nosipov6h@google.it,NP
Sibylla Rudham,PO Box 93141,(212) 7831330,srudham6i@wordpress.com,PHON
Evangelin Bowerbank,Room 1006,(740) 7553922,ebowerbank6j@msu.edu,PIR
Reinaldos Melley,Suite 47,(329) 6602352,rmelley6k@shutterfly.com,REAS
Allsun Youings,Apt 1404,(989) 8687290,ayouings6l@blogspot.com,RPA
Kristy Mico,Room 808,(495) 5292421,kmico6m@un.org,RUA
Devlen Boustead,Suite 36,(149) 1382463,dboustead6n@dropbox.com,SAL
Clementia Thorndale,Apt 1392,(937) 5914363,cthorndale6o@furl.net,SEP
Ondrea Prater,Apt 1407,(162) 9936311,oprater6p@flickr.com,SOL
Delainey Petters,Apt 1982,(665) 3044835,dpetters6q@reference.com,SPA
Merry Donoghue,Suite 98,(589) 6025270,mdonoghue6r@oaic.gov.au,SPP
Barbey Aberdalgy,Apt 686,(836) 6581780,baberdalgy6s@berkeley.edu,SUN
Amara Jestico,Suite 88,(468) 7891823,ajestico6t@seattletimes.com,TSBP
Zorine Crawford,PO Box 83762,(308) 2123127,zcrawford6u@so-net.ne.jp,TSSA
Modesty Tregido,PO Box 7022,(693) 3865022,mtregido6v@trellian.com,TTP
Boone Bolino,Apt 287,(721) 1811057,bbolino6w@apache.org,TWP
Oswald McHugh,19th Floor,(694) 2788536,omchugh6x@europa.eu,UAP
Ives Goodwell,18th Floor,(657) 2565678,igoodwell6y@google.pl,VEP
Hayyim Roark,PO Box 75403,(856) 9991212,hroark6z@elpais.com,VNS
Tiena Fergusson,Suite 73,(944) 2151186,tfergusson70@chronoengine.com,WAP
Cirilo Lempke,PO Box 98186,(653) 9752762,clempke71@msu.edu,IND
Erina Pring,Suite 3,(788) 2204171,epring72@shinystat.com,AG
Gale Mateev,Room 244,(314) 6455732,gmateev73@technorati.com,NATS
Tobe Kopps,15th Floor,(302) 3054321,tkopps74@ebay.co.uk,AAHP
Lenee Copson,PO Box 8145,(261) 4999407,lcopson75@berkeley.edu,ABFA
Gayle Attreed,6th Floor,(280) 7979646,gattreed76@google.com.au,ACP
Marjory Kilroy,Apt 188,(714) 2228699,mkilroy77@google.pl,AFN
Ramsay Grose,PO Box 29955,(479) 9292952,rgrose78@miitbeian.gov.cn,AJP
Darnell Billingsley,PO Box 22179,(931) 9226342,dbillingsley79@europa.eu,ALA
Mason Stirrip,11th Floor,(278) 8712221,mstirrip7a@pen.io,ALP
Prescott Waldren,Room 1061,(839) 2972503,pwaldren7b@ted.com,AMHP
Genni Agius,Suite 38,(153) 5489189,gagius7c@bbc.co.uk,APEP
Beltran Broadbury,PO Box 72943,(217) 8350346,bbroadbury7d@sun.com,ARTS
Theodore Reiglar,PO Box 65535,(361) 8298793,treiglar7e@moonfruit.com,ASP
Darryl Kunath,Apt 39,(228) 7258728,dkunath7f@wikipedia.org,AUC
Delbert Ghelarducci,Apt 131,(125) 6267189,dghelarducci7g@mapy.cz,AUD
David Fuggles,Suite 24,(731) 9743556,dfuggles7h@flavors.me,AUP
Ashlan Hindmore,Room 1981,(600) 5883306,ahindmore7i@icio.us,AWP
Melinde Kent,Suite 81,(933) 2792246,mkent7j@example.com,CA
Adrien Tichner,Apt 1776,(689) 3266847,atichner7k@addtoany.com,CDP
Gilda Dod,PO Box 51184,(464) 3991807,gdod7l@youtu.be,CEC
Sheila-kathryn Playford,12th Floor,(347) 4285866,splayford7m@hibu.com,CLP
Lauritz Carrane,Room 1170,(423) 6888577,lcarrane7n@joomla.org,CLR
Felipe Creyke,Room 1565,(215) 4925421,fcreyke7o@twitpic.com,CPP
Cordy Mill,Room 1564,(514) 4876013,cmill7p@1688.com,CYA
Fey Rockey,Apt 1192,(596) 6231955,frockey7q@gnu.org,DHJP
Karisa Ardy,Suite 41,(518) 7566873,kardy7r@typepad.com,DLP
Fran Birks,Room 880,(811) 3527937,fbirks7s@umn.edu,FACN
Eugene Caddy,1st Floor,(100) 3611985,ecaddy7t@harvard.edu,FLUX
Benedetto Graeser,Room 415,(976) 7673703,bgraeser7u@artisteer.com,FUT
Enos Carlisi,Apt 1491,(618) 8934038,ecarlisi7v@zdnet.com,GAP
Mersey Giercke,4th Floor,(849) 3436036,mgiercke7w@patch.com,GRN
Olwen Kilroy,PO Box 49226,(164) 8118948,okilroy7x@narod.ru,GVIC
Cassaundra Lambert,Room 1692,(346) 6299330,clambert7y@sbwire.com,HMP
Chuck Darley,Apt 1492,(512) 6130845,cdarley7z@japanpost.jp,ICAN
Haley Dable,PO Box 82978,(644) 3634772,hdable80@163.com,IMO
Cecilius Agostini,PO Box 50777,(829) 3386765,cagostini81@slashdot.org,JLN
Valentine Bednall,20th Floor,(444) 9755983,vbednall82@blogs.com,KAP
Henrik Blewitt,Suite 36,(785) 8043541,hblewitt83@utexas.edu,LAOL
Reuben Cashman,PO Box 18607,(272) 9713703,rcashman84@youtube.com,LDP
Neil Dreakin,Suite 38,(545) 1909217,ndreakin85@hubpages.com,LNP
Jody Rout,10th Floor,(244) 9041356,jrout86@biglobe.ne.jp,LP
Orson Skowcraft,Suite 83,(482) 7060998,oskowcraft87@engadget.com,NCP
Chic Mandres,17th Floor,(765) 9393776,cmandres88@hugedomains.com,NMP
Henry Tomas,1st Floor,(599) 9522337,htomas89@123-reg.co.uk,NP
Judon Ida,14th Floor,(667) 2042109,jida8a@hexun.com,PHON
Killy Creech,Room 1580,(237) 4779192,kcreech8b@businessweek.com,PIR
Marni Southcott,Room 1998,(211) 4076304,msouthcott8c@ted.com,REAS
Orelie Sango,Apt 1702,(877) 7382337,osango8d@ox.ac.uk,RPA
Gabrila Ansty,13th Floor,(940) 8626711,gansty8e@skyrock.com,RUA
Binni Keysel,Suite 18,(588) 5303018,bkeysel8f@rediff.com,SAL
Lorry Lethardy,PO Box 46941,(632) 5668378,llethardy8g@comcast.net,SEP
Eugenio Doggerell,16th Floor,(138) 8400851,edoggerell8h@yale.edu,SOL
Chiquia Valentinetti,Room 1065,(695) 8981364,cvalentinetti8i@scribd.com,SPA
Garnet Betser,Apt 218,(897) 6536264,gbetser8j@census.gov,SPP
Melania Doerrling,Apt 980,(928) 9803738,mdoerrling8k@soup.io,SUN
Bryan Rosborough,1st Floor,(231) 5133305,brosborough8l@i2i.jp,TSBP
Hazlett Brogi,Apt 904,(432) 7121583,hbrogi8m@skyrock.com,TSSA
Christina Wildsmith,Room 659,(958) 5221121,cwildsmith8n@fema.gov,TTP
Lem Dene,Room 1275,(739) 7559110,ldene8o@g.co,TWP
Katharine Thecham,Suite 25,(115) 5290491,kthecham8p@sciencedirect.com,UAP
Consolata Kilrow,Room 581,(209) 8976746,ckilrow8q@ox.ac.uk,VEP
Dave Dyment,Suite 44,(507) 4363205,ddyment8r@alexa.com,VNS
Dirk Mougin,Room 604,(522) 7797029,dmougin8s@sbwire.com,WAP
Debby McGillacoell,15th Floor,(389) 2778856,dmcgillacoell8t@soundcloud.com,IND
Theresina Rostern,Suite 53,(196) 7464693,trostern8u@qq.com,AG
Jarrod O'Scannill,PO Box 48374,(734) 3085196,joscannill8v@youku.com,NATS
Rosita Gomm,18th Floor,(512) 6585716,rgomm8w@illinois.edu,AAHP
Theresina Matterdace,PO Box 44756,(672) 5882365,tmatterdace8x@berkeley.edu,ABFA
Quinton Guerrazzi,Apt 1189,(573) 6670013,qguerrazzi8y@cnet.com,ACP
Renee Jirsa,5th Floor,(636) 9723290,rjirsa8z@ycombinator.com,AFN
Chrissy Remington,Apt 1493,(197) 9815204,cremington90@pbs.org,AJP
Dulcy Dasent,Suite 14,(714) 9111565,ddasent91@goodreads.com,ALA
Colan Sproul,Room 1434,(950) 5712943,csproul92@wordpress.org,ALP
Rutherford Hrinishin,8th Floor,(317) 3749946,rhrinishin93@patch.com,AMHP
Alethea Mc Harg,17th Floor,(391) 6878684,amc94@army.mil,APEP
Kessiah Linster,PO Box 97376,(115) 7647837,klinster95@tinypic.com,ARTS
Israel Duckit,Room 1503,(392) 5486647,iduckit96@constantcontact.com,ASP
Cathee Reitenbach,Room 1575,(528) 1545757,creitenbach97@artisteer.com,AUC
Peg MacGillivrie,Room 1213,(227) 4054030,pmacgillivrie98@economist.com,AUD
Mischa Buttery,Suite 55,(322) 6351066,mbuttery99@joomla.org,AUP
Roosevelt Hardie,PO Box 41193,(985) 6325836,rhardie9a@marketwatch.com,AWP
Thorvald Goodreid,PO Box 62247,(997) 6155302,tgoodreid9b@auda.org.au,CA
Ailee Thurstan,Suite 31,(430) 9015383,athurstan9c@mit.edu,CDP
Alanna Claypole,Room 1820,(374) 8148510,aclaypole9d@ovh.net,CEC
Cherry Vedmore,Apt 406,(973) 7632815,cvedmore9e@ucsd.edu,CLP
Jase Byrom,Suite 36,(439) 4267246,jbyrom9f@ucla.edu,CLR
Yetty Bazeley,Apt 1675,(628) 2856821,ybazeley9g@imageshack.us,CPP
Estella Zanicchi,Apt 314,(160) 2477638,ezanicchi9h@wsj.com,CYA
Sallyann Lynn,Room 956,(863) 1696390,slynn9i@topsy.com,DHJP
Pavel Wilcocks,Suite 91,(823) 9186160,pwilcocks9j@eepurl.com,DLP
Millicent Stebles,18th Floor,(195) 6065547,mstebles9k@tamu.edu,FACN
Ola Breeze,Suite 26,(163) 4028882,obreeze9l@tuttocitta.it,FLUX
Gallagher Pahl,Room 1875,(888) 9722478,gpahl9m@blogtalkradio.com,FUT
Ed Zellmer,Apt 1276,(522) 8119107,ezellmer9n@bloglovin.com,GAP
Dewitt Gallie,Room 509,(738) 4099132,dgallie9o@joomla.org,GRN
Ewart Pigrome,Apt 1558,(520) 6189967,epigrome9p@weather.com,GVIC
Tybalt Courage,Room 1862,(310) 3659568,tcourage9q@netscape.com,HMP
Deena Cockings,Suite 74,(951) 6670427,dcockings9r@hibu.com,ICAN
Berrie Wegman,Room 108,(169) 5824756,bwegman9s@google.fr,IMO
Olly Upward,Room 1051,(830) 4955653,oupward9t@networkadvertising.org,JLN
Madelena Gallandre,Suite 90,(201) 3955238,mgallandre9u@nifty.com,KAP
Deborah Winchester,PO Box 28645,(979) 9667119,dwinchester9v@redcross.org,LAOL
Lena Mughal,PO Box 94516,(922) 7886696,lmughal9w@prlog.org,LDP
Kilian Franies,Apt 1216,(723) 8195828,kfranies9x@squarespace.com,LNP
Albina Martyn,Room 1665,(832) 9834294,amartyn9y@skype.com,LP
Dominik Beart,15th Floor,(771) 2990608,dbeart9z@ftc.gov,NCP
Neall Scaice,Suite 43,(271) 2269542,nscaicea0@biglobe.ne.jp,NMP
Marquita Birkenhead,Suite 27,(304) 9691171,mbirkenheada1@weather.com,NP
Rey Braunes,7th Floor,(264) 6092119,rbraunesa2@oakley.com,PHON
Maxim Chave,Room 1688,(413) 8211278,mchavea3@mapquest.com,PIR
Carlynn Cansdill,Suite 42,(467) 2657444,ccansdilla4@slashdot.org,REAS
Randene Commins,Room 415,(322) 6681401,rcomminsa5@ucoz.com,RPA
Joelle Riccard,PO Box 7356,(931) 6135106,jriccarda6@wired.com,RUA
Bayard Cahalin,Apt 1762,(829) 1262956,bcahalina7@symantec.com,SAL
Glenn Gladtbach,6th Floor,(655) 8043888,ggladtbacha8@deliciousdays.com,SEP
Kev O' Cuolahan,Room 308,(380) 1434666,koa9@ovh.net,SOL
Brok Torrejon,PO Box 98888,(528) 1531945,btorrejonaa@ovh.net,SPA
Hans Cockshoot,Apt 260,(588) 8195443,hcockshootab@shinystat.com,SPP
Herminia Hewell,Apt 1819,(731) 8787376,hhewellac@g.co,SUN
Coriss Tattam,Suite 61,(459) 7991884,ctattamad@twitter.com,TSBP
Cathryn Dibsdale,Suite 33,(932) 2803017,cdibsdaleae@google.ru,TSSA
Cindie Clayden,Suite 89,(947) 6772885,cclaydenaf@desdev.cn,TTP
Reece Keynes,Suite 48,(482) 6877072,rkeynesag@ebay.com,TWP
Penn Shine,PO Box 97785,(526) 6620952,pshineah@youtube.com,UAP
Dorthea Perrin,1st Floor,(494) 7143657,dperrinai@jalbum.net,VEP
Hogan Richardt,Room 1588,(920) 9886745,hrichardtaj@photobucket.com,VNS
Flossie Collacombe,2nd Floor,(343) 3067017,fcollacombeak@addtoany.com,WAP
Moyra Sharrocks,Room 1672,(213) 7346048,msharrocksal@alexa.com,IND
Anjanette Daid,12th Floor,(412) 1773827,adaidam@wunderground.com,AG
Dugald Finkle,PO Box 18648,(219) 4794385,dfinklean@wiley.com,NATS
Ashli Nice,Apt 946,(502) 3555690,aniceao@jalbum.net,AAHP
Kirstyn Cornish,PO Box 65552,(321) 4019664,kcornishap@wufoo.com,ABFA
Tandy Tomsen,17th Floor,(436) 2907057,ttomsenaq@illinois.edu,ACP
Arvin Norrey,Suite 95,(198) 2003238,anorreyar@prnewswire.com,AFN
Koenraad Eckley,Room 322,(173) 6667777,keckleyas@alexa.com,AJP
Tory Fauguel,Apt 1731,(753) 8389469,tfauguelat@i2i.jp,ALA
Waite Capaldo,10th Floor,(358) 8620201,wcapaldoau@berkeley.edu,ALP
Hodge Remmer,Suite 92,(307) 5252889,hremmerav@dagondesign.com,AMHP
Annette Baggot,Suite 100,(827) 3445264,abaggotaw@patch.com,APEP
Janna Wimlett,PO Box 29830,(314) 3972145,jwimlettax@sourceforge.net,ARTS
Micheal Campanelli,Apt 768,(995) 1781184,mcampanelliay@spotify.com,ASP
Valentin Simonutti,20th Floor,(229) 6548177,vsimonuttiaz@microsoft.com,AUC
Lawton Bezants,20th Floor,(920) 5817294,lbezantsb0@feedburner.com,AUD
Ursula Wyss,Apt 438,(171) 2764043,uwyssb1@yellowpages.com,AUP
Warde Lanney,Apt 208,(535) 3050933,wlanneyb2@is.gd,AWP
Jacquelyn Arents,Room 787,(315) 1450853,jarentsb3@usgs.gov,CA
Ninnette Grunder,PO Box 35574,(967) 4290335,ngrunderb4@netscape.com,CDP
Jenelle Barus,8th Floor,(436) 3714103,jbarusb5@unc.edu,CEC
Jammal Zamudio,Apt 551,(665) 1627279,jzamudiob6@usda.gov,CLP
Isabeau Humby,PO Box 53694,(946) 5062554,ihumbyb7@aol.com,CLR
Christoffer Daffern,Room 126,(652) 3663654,cdaffernb8@over-blog.com,CPP
Alicia Pantridge,Suite 89,(309) 1633995,apantridgeb9@mediafire.com,CYA
Karlik Ferrettino,15th Floor,(562) 1063178,kferrettinoba@w3.org,DHJP
Karine Strete,Suite 41,(202) 6053605,kstretebb@patch.com,DLP
Hannis Rohfsen,Suite 26,(542) 8111028,hrohfsenbc@bloglovin.com,FACN
Sasha Mintoff,6th Floor,(802) 9484642,smintoffbd@intel.com,FLUX
Chantalle Nibloe,Apt 162,(420) 6564320,cnibloebe@google.com,FUT
Zorah Lefley,Suite 41,(779) 2693723,zlefleybf@gravatar.com,GAP
Carling Peacock,Room 1717,(169) 7215433,cpeacockbg@quantcast.com,GRN
Ingamar Santori,Room 1086,(370) 8015751,isantoribh@upenn.edu,GVIC
Fin Birks,Suite 96,(454) 4326292,fbirksbi@bandcamp.com,HMP
Benedick Sarsfield,Suite 27,(108) 7637330,bsarsfieldbj@wp.com,ICAN
Carlyn Bicknell,20th Floor,(218) 8457492,cbicknellbk@berkeley.edu,IMO
Rooney Peal,Apt 738,(221) 8821493,rpealbl@i2i.jp,JLN
Jo Paudin,Suite 69,(330) 4324138,jpaudinbm@spiegel.de,KAP
Darda Domnin,PO Box 74922,(307) 7412141,ddomninbn@creativecommons.org,LAOL
Caddric Gudger,Apt 1157,(634) 5228779,cgudgerbo@archive.org,LDP
Fredrick Rope,PO Box 48210,(205) 9497868,fropebp@pbs.org,LNP
Luciano Umbers,4th Floor,(819) 6506546,lumbersbq@cbsnews.com,LP
Minta Ickowicz,Suite 93,(686) 5585475,mickowiczbr@youtu.be,NCP
Joceline Gosalvez,PO Box 87508,(704) 7220968,jgosalvezbs@cyberchimps.com,NMP
Trumann Eles,Room 1351,(104) 8924892,telesbt@nba.com,NP
Riccardo Rapi,Suite 88,(885) 6299020,rrapibu@hubpages.com,PHON
Kathye Kornacki,16th Floor,(703) 6678193,kkornackibv@nymag.com,PIR
Dalenna Maccree,Apt 1594,(229) 1344300,dmaccreebw@yelp.com,REAS
Kristofor Dagnan,PO Box 56776,(527) 3903774,kdagnanbx@networkadvertising.org,RPA
Nehemiah Whistance,Suite 55,(209) 2318391,nwhistanceby@yale.edu,RUA
Dory Gauche,Suite 94,(617) 6384273,dgauchebz@blogtalkradio.com,SAL
Myriam Blague,13th Floor,(732) 4339122,mblaguec0@desdev.cn,SEP
Cameron Golder,Room 752,(661) 5387414,cgolderc1@cpanel.net,SOL
Caspar Trawin,Apt 617,(660) 3648697,ctrawinc2@howstuffworks.com,SPA
Chevy Tedstone,Suite 91,(808) 6050892,ctedstonec3@canalblog.com,SPP
Danyelle Loughman,PO Box 56964,(203) 1966994,dloughmanc4@vk.com,SUN
Amy Hince,Suite 64,(676) 8124539,ahincec5@uol.com.br,TSBP
Anatola Wallwood,PO Box 78754,(229) 9949245,awallwoodc6@wunderground.com,TSSA
Menard Capell,PO Box 72165,(610) 6071225,mcapellc7@bluehost.com,TTP
Kaile Crome,Room 1943,(766) 4641624,kcromec8@dailymotion.com,TWP
Lorry Snookes,PO Box 97426,(993) 2822764,lsnookesc9@cpanel.net,UAP
Camella Iacovielli,PO Box 21210,(599) 5195435,ciacoviellica@clickbank.net,VEP
Bram Gurnell,Apt 228,(785) 1870685,bgurnellcb@foxnews.com,VNS
Maiga Sibson,Room 1779,(293) 3981147,msibsoncc@cbslocal.com,WAP
Garrick Matches,Room 545,(324) 2363800,gmatchescd@uiuc.edu,IND
Biron Niblo,Apt 1550,(417) 2900496,bnibloce@state.gov,AG
Dalli Mossop,PO Box 32283,(367) 6822011,dmossopcf@hatena.ne.jp,NATS
Ruthe Stemp,Suite 61,(212) 3126482,rstempcg@reverbnation.com,AAHP
Thacher Desaur,2nd Floor,(113) 3998890,tdesaurch@parallels.com,ABFA
Florry Dauncey,Apt 1664,(288) 6064593,fdaunceyci@bluehost.com,ACP
Ramonda Pessolt,Apt 1781,(171) 6839194,rpessoltcj@elegantthemes.com,AFN
Ilse Sivess,20th Floor,(335) 4372293,isivessck@com.com,AJP
Wallie Klewi,Apt 1392,(619) 6590986,wklewicl@webs.com,ALA
Florida Haskew,Room 147,(590) 2922635,fhaskewcm@irs.gov,ALP
Arvin Kynman,6th Floor,(854) 2026710,akynmancn@blinklist.com,AMHP
Eloisa Denkin,Room 1816,(986) 1191558,edenkinco@meetup.com,APEP
Dacy Keymer,9th Floor,(674) 5466358,dkeymercp@google.ca,ARTS
Townsend Tuminelli,20th Floor,(291) 1068230,ttuminellicq@posterous.com,ASP
Elysee Dalgarnowch,Apt 74,(689) 7194446,edalgarnowchcr@barnesandnoble.com,AUC
Nicky O'Scully,Room 21,(853) 5222541,noscullycs@networksolutions.com,AUD
Henrik Rechert,PO Box 12440,(686) 5968720,hrechertct@weibo.com,AUP
Scott Trenfield,Apt 819,(274) 4590281,strenfieldcu@hao123.com,AWP
Grace Brewis,Suite 24,(100) 5547519,gbrewiscv@yale.edu,CA
Prudy Van Brug,Apt 1472,(734) 1337667,pvancw@clickbank.net,CDP
Cordie Meak,Suite 52,(975) 8731334,cmeakcx@nytimes.com,CEC
Hewie Vacher,Room 960,(199) 6031498,hvachercy@eepurl.com,CLP
Ely Peake,Suite 94,(776) 5077986,epeakecz@youtube.com,CLR
Addie Smallacombe,Room 1913,(703) 3815503,asmallacombed0@cyberchimps.com,CPP
Briney McLugish,Suite 84,(385) 3847945,bmclugishd1@purevolume.com,CYA
Ophelia Flott,PO Box 78986,(282) 3670860,oflottd2@reddit.com,DHJP
Josi Drance,Apt 1047,(287) 5073793,jdranced3@cocolog-nifty.com,DLP
Andrea Vasilchenko,16th Floor,(315) 3531303,avasilchenkod4@clickbank.net,FACN
Ashely Gask,17th Floor,(736) 6900433,agaskd5@pbs.org,FLUX
Isabelita Ornillos,PO Box 8731,(545) 3494549,iornillosd6@intel.com,FUT
Caralie Belton,PO Box 12570,(149) 4373853,cbeltond7@usda.gov,GAP
Isidora Connock,6th Floor,(372) 2918380,iconnockd8@ning.com,GRN
Cristian Ornelas,Suite 37,(439) 4238065,cornelasd9@google.ca,GVIC
Ruggiero Brunn,Suite 68,(574) 1147653,rbrunnda@craigslist.org,HMP
Aubrette Robbings,PO Box 93030,(758) 3697973,arobbingsdb@nydailynews.com,ICAN
Britte Colnet,12th Floor,(431) 3624404,bcolnetdc@merriam-webster.com,IMO
Phillie Colliard,Apt 892,(602) 4212584,pcolliarddd@free.fr,JLN
Jerome Anelay,Suite 85,(427) 9233447,janelayde@naver.com,KAP
Jose Girke,Apt 984,(121) 9926015,jgirkedf@addthis.com,LAOL
Dave Reggiani,Room 1223,(983) 3126851,dreggianidg@cnet.com,LDP
Diena Ibberson,Apt 933,(286) 6804197,dibbersondh@zdnet.com,LNP
Clarie Wilshin,PO Box 30090,(192) 6696744,cwilshindi@ifeng.com,LP
Vasilis Sulter,Room 179,(116) 3916599,vsulterdj@china.com.cn,NCP
Tracie Murfill,Apt 888,(557) 2567467,tmurfilldk@t.co,NMP
Nelle Eversfield,Apt 1629,(518) 4657836,neversfielddl@free.fr,NP
Elizabet Colkett,Room 1672,(281) 4955168,ecolkettdm@angelfire.com,PHON
Eleonore Peet,PO Box 23880,(442) 1462568,epeetdn@printfriendly.com,PIR
Agnes Lasslett,PO Box 43536,(829) 7157339,alasslettdo@prweb.com,REAS
Dianna Nanson,Apt 1848,(292) 9890038,dnansondp@arstechnica.com,RPA
Antonin Hallt,PO Box 19342,(204) 5858450,ahalltdq@guardian.co.uk,RUA
Nesta Clough,Suite 76,(447) 2422549,ncloughdr@addthis.com,SAL
Isak Blonfield,Apt 153,(224) 2704248,iblonfieldds@icio.us,SEP
Danielle Ranson,19th Floor,(835) 1287900,dransondt@w3.org,SOL
Ceil Hambribe,Apt 1592,(253) 2219675,chambribedu@oaic.gov.au,SPA
Leone Sarchwell,Room 1634,(574) 2522567,lsarchwelldv@ucoz.com,SPP
Shandeigh Crix,Apt 622,(470) 9717858,scrixdw@symantec.com,SUN
Sapphira Sweetzer,9th Floor,(809) 1437411,ssweetzerdx@parallels.com,TSBP
Allie Swatradge,6th Floor,(706) 8059455,aswatradgedy@list-manage.com,TSSA
Clara Peregrine,Apt 1592,(530) 5046738,cperegrinedz@seesaa.net,TTP
Cornelle Wallage,PO Box 56940,(863) 4328136,cwallagee0@furl.net,TWP
Callie Goodlife,Room 273,(387) 3454397,cgoodlifee1@fotki.com,UAP
Reggis Portigall,PO Box 84548,(566) 4591673,rportigalle2@cloudflare.com,VEP
Freddi Logg,Apt 70,(806) 6426186,flogge3@stanford.edu,VNS
Bernelle Brettelle,Suite 31,(238) 5660759,bbrettellee4@bbb.org,WAP
Rici Keyhoe,Suite 58,(442) 6852004,rkeyhoee5@admin.ch,IND
Roosevelt Padberry,Suite 93,(832) 6207181,rpadberrye6@phoca.cz,AG
Galvin Harburtson,Suite 35,(963) 2566016,gharburtsone7@list-manage.com,NATS
Dodi Gawkroge,Apt 230,(809) 9949765,dgawkrogee8@51.la,AAHP
Alanna Spere,20th Floor,(994) 8201483,asperee9@newsvine.com,ABFA
Gae Kennedy,Suite 91,(660) 8795837,gkennedyea@gravatar.com,ACP
Cordy Curbishley,Suite 79,(682) 3637052,ccurbishleyeb@tumblr.com,AFN
Ezechiel Josowitz,Room 361,(900) 2173101,ejosowitzec@reference.com,AJP
Harland Fallis,6th Floor,(231) 7585536,hfallised@webnode.com,ALA
Ardyce Lishman,Suite 33,(712) 4765065,alishmanee@cam.ac.uk,ALP
Kirby Counihan,10th Floor,(771) 9610570,kcounihanef@gmpg.org,AMHP
Clementia Flieger,Apt 1250,(513) 6750390,cfliegereg@nba.com,APEP
Darlene Trethewey,Suite 84,(166) 2343638,dtretheweyeh@weebly.com,ARTS
Gallard Fowley,Suite 76,(746) 7624127,gfowleyei@jalbum.net,ASP
Charmain Blasi,10th Floor,(446) 9743604,cblasiej@stanford.edu,AUC
Ebba Urien,Room 1770,(772) 2174614,eurienek@tmall.com,AUD
Nicola McGrah,Suite 74,(345) 4019690,nmcgrahel@clickbank.net,AUP
Germayne Seeger,PO Box 74201,(804) 9895809,gseegerem@elegantthemes.com,AWP
Linc Adamowicz,Apt 1370,(230) 8158925,ladamowiczen@wikimedia.org,CA
Alastair Bevington,9th Floor,(610) 5144510,abevingtoneo@goodreads.com,CDP
Willem MacDougall,PO Box 38722,(221) 8333870,wmacdougallep@slate.com,CEC
Rikki Pargeter,PO Box 84835,(556) 5082306,rpargetereq@latimes.com,CLP
Vivienne Screen,Suite 76,(625) 6944915,vscreener@intel.com,CLR
Shalna Duff,PO Box 54873,(191) 3595613,sduffes@skyrock.com,CPP
Hillyer Nuss,Room 124,(975) 5478309,hnusset@shop-pro.jp,CYA
Lind Anthon,Room 1877,(220) 8851787,lanthoneu@smugmug.com,DHJP
Ingaborg Scotchmor,Apt 1288,(566) 3416004,iscotchmorev@mac.com,DLP
Jessey Drew-Clifton,Apt 1782,(300) 6627833,jdrewcliftonew@webmd.com,FACN
Andie Harms,Apt 1431,(870) 1100812,aharmsex@disqus.com,FLUX
Marc Ainscough,7th Floor,(274) 5212409,mainscoughey@nymag.com,FUT
Gigi Quene,Suite 99,(328) 5114527,gqueneez@flickr.com,GAP
Alejandra Aven,Suite 43,(452) 5293850,aavenf0@goo.ne.jp,GRN
Corilla Trowsdall,PO Box 2811,(353) 2544652,ctrowsdallf1@google.nl,GVIC
Arney Fairbridge,Apt 1625,(902) 4102129,afairbridgef2@hugedomains.com,HMP
Joleen Stenson,Suite 11,(625) 1018767,jstensonf3@dagondesign.com,ICAN
Harriott Priter,Suite 97,(560) 3323791,hpriterf4@4shared.com,IMO
Clotilda Bracco,Suite 71,(906) 7557676,cbraccof5@geocities.jp,JLN
Cristie Alexis,Room 1333,(932) 1291660,calexisf6@mail.ru,KAP
Raine Farnaby,Apt 923,(605) 4879460,rfarnabyf7@sakura.ne.jp,LAOL
Glyn MattiCCI,Room 827,(256) 1646188,gmatticcif8@ifeng.com,LDP
Bone Pepye,PO Box 33959,(268) 1056794,bpepyef9@sfgate.com,LNP
Sal Gatland,PO Box 29477,(711) 9972696,sgatlandfa@cpanel.net,LP
Kylie Durbin,Suite 74,(449) 6456513,kdurbinfb@umn.edu,NCP
Gianna Houson,Suite 67,(459) 3322041,ghousonfc@fc2.com,NMP
Zeke Cumpton,4th Floor,(368) 7588004,zcumptonfd@people.com.cn,NP
Danny Duny,Room 1562,(251) 6692494,ddunyfe@netvibes.com,PHON
Jayne Reneke,Suite 17,(362) 6366089,jrenekeff@people.com.cn,PIR
Dorree Gotter,Suite 65,(976) 4457864,dgotterfg@rakuten.co.jp,REAS
Calypso Farnish,PO Box 84747,(748) 2778756,cfarnishfh@exblog.jp,RPA
Abagail Harnor,Suite 53,(167) 6462318,aharnorfi@dion.ne.jp,RUA
Newton Bendson,17th Floor,(238) 4180709,nbendsonfj@mapy.cz,SAL
Edan Benadette,PO Box 32583,(260) 5719011,ebenadettefk@php.net,SEP
Jae Hayhurst,Suite 53,(490) 1200257,jhayhurstfl@over-blog.com,SOL
Ingaborg Soda,6th Floor,(747) 2514224,isodafm@about.com,SPA
Ginnie Lindenstrauss,Suite 97,(708) 1808301,glindenstraussfn@thetimes.co.uk,SPP
Torey Gebby,20th Floor,(854) 1522379,tgebbyfo@booking.com,SUN
Ferdy Blagdon,PO Box 297,(876) 4529612,fblagdonfp@delicious.com,TSBP
Coriss Webburn,15th Floor,(199) 4913785,cwebburnfq@engadget.com,TSSA
Nanice Stode,Apt 723,(155) 8087454,nstodefr@360.cn,TTP
Fidelio Spenton,Room 1034,(490) 1161948,fspentonfs@csmonitor.com,TWP
Eugene O'Glessane,Apt 1744,(655) 9937453,eoglessaneft@wufoo.com,UAP
Randal Becerro,PO Box 30526,(159) 6627222,rbecerrofu@ow.ly,VEP
Dino Mower,Suite 48,(296) 9282678,dmowerfv@uol.com.br,VNS
Hildagarde Easman,Room 718,(477) 9641513,heasmanfw@telegraph.co.uk,WAP
Teddy Carletto,Room 411,(389) 6642306,tcarlettofx@arstechnica.com,IND
Thane Ventum,Room 369,(574) 1636197,tventumfy@state.gov,AG
Jacky Arne,Suite 80,(350) 5301328,jarnefz@comsenz.com,NATS
Valli St Pierre,3rd Floor,(807) 5476746,vstg0@rambler.ru,AAHP
Buddie Ludgate,PO Box 63599,(739) 3281848,bludgateg1@hhs.gov,ABFA
Karlotta Taborre,PO Box 94104,(678) 9093459,ktaborreg2@1688.com,ACP
Jimmy Hazelby,PO Box 81557,(594) 4939999,jhazelbyg3@google.pl,AFN
Marya Walkowski,Suite 6,(797) 5442417,mwalkowskig4@loc.gov,AJP
Lane Blazewicz,PO Box 57889,(620) 7134956,lblazewiczg5@dailymotion.com,ALA
Misti Seely,Suite 40,(420) 1906277,mseelyg6@live.com,ALP
Maynard Schollar,Room 1430,(178) 1071901,mschollarg7@toplist.cz,AMHP
Ailsun Whorlow,Suite 40,(611) 2931163,awhorlowg8@sogou.com,APEP
Faith Bolletti,Apt 1002,(693) 6117530,fbollettig9@discovery.com,ARTS
Izzy Staines,Apt 370,(308) 1007201,istainesga@odnoklassniki.ru,ASP
Kristi Kaplin,Room 1832,(602) 3990114,kkaplingb@lulu.com,AUC
Georgy Otham,PO Box 99509,(449) 3257950,gothamgc@telegraph.co.uk,AUD
Gerard Di Giacomettino,PO Box 29919,(722) 6991108,gdigd@netlog.com,AUP
Gloriana Benedick,Suite 97,(329) 6196903,gbenedickge@over-blog.com,AWP
Nathalie Arthars,19th Floor,(931) 2428661,nartharsgf@addthis.com,CA
Rich Schapiro,Suite 35,(654) 5369526,rschapirogg@ucoz.com,CDP
Paddy Storkes,Suite 78,(753) 2893957,pstorkesgh@mapquest.com,CEC
Miller Gauch,PO Box 14220,(103) 2275173,mgauchgi@technorati.com,CLP
Tasia Leader,Apt 92,(405) 9302364,tleadergj@seesaa.net,CLR
Clerkclaude Warboys,8th Floor,(586) 5286308,cwarboysgk@blogtalkradio.com,CPP
Maribelle Czaja,Suite 60,(429) 4114647,mczajagl@so-net.ne.jp,CYA
Pippy Sausman,PO Box 39948,(898) 8581731,psausmangm@cornell.edu,DHJP
Moses Sturte,Room 1777,(969) 7358893,msturtegn@biglobe.ne.jp,DLP
Laureen Grabeham,Room 1172,(744) 1367211,lgrabehamgo@addtoany.com,FACN
Sollie Redwing,PO Box 20816,(520) 4719389,sredwinggp@behance.net,FLUX
Sonja Andreasen,Suite 74,(198) 4882782,sandreasengq@nifty.com,FUT
Rivalee Coursor,8th Floor,(679) 9779090,rcoursorgr@dailymotion.com,GAP
Monte Eaglesham,Apt 1459,(270) 3797116,meagleshamgs@lycos.com,GRN
Lebbie Baigent,Suite 92,(302) 9830574,lbaigentgt@china.com.cn,GVIC
Nicolle Nare,PO Box 62116,(285) 5083244,nnaregu@pinterest.com,HMP
Vittoria Kliner,Room 845,(535) 7877836,vklinergv@blogspot.com,ICAN
Ilka Duell,Apt 267,(740) 9133907,iduellgw@home.pl,IMO
Jobi Balaisot,15th Floor,(511) 6898785,jbalaisotgx@buzzfeed.com,JLN
Jandy Mushet,Room 697,(528) 4280154,jmushetgy@noaa.gov,KAP
Filide Bulteel,Room 1282,(286) 2389171,fbulteelgz@mozilla.com,LAOL
Cristobal Huckleby,PO Box 87965,(214) 7156016,chucklebyh0@vkontakte.ru,LDP
Cob Chard,20th Floor,(795) 6341225,cchardh1@examiner.com,LNP
Barbie Petrou,2nd Floor,(813) 8710066,bpetrouh2@about.me,LP
Gavrielle Signori,14th Floor,(687) 7791166,gsignorih3@discuz.net,NCP
Benyamin Pringle,PO Box 90255,(790) 5162605,bpringleh4@symantec.com,NMP
Theobald Axleby,Apt 429,(418) 7652420,taxlebyh5@ustream.tv,NP
Heidie Obell,Room 20,(660) 5491874,hobellh6@is.gd,PHON
Griz Bunclark,12th Floor,(642) 5071948,gbunclarkh7@csmonitor.com,PIR
Alfreda Issac,Room 1371,(946) 8204713,aissach8@aol.com,REAS
Pierette Godsal,Apt 1061,(216) 3916920,pgodsalh9@guardian.co.uk,RPA
Durward Varker,PO Box 48496,(168) 2644976,dvarkerha@privacy.gov.au,RUA
Chick Geist,PO Box 76511,(255) 8282275,cgeisthb@ebay.com,SAL
Melamie Dowsey,Room 909,(411) 5452601,mdowseyhc@arstechnica.com,SEP
Trstram Felgate,Suite 70,(972) 2271969,tfelgatehd@aboutads.info,SOL
Shir Sabbatier,PO Box 97223,(375) 8880340,ssabbatierhe@theatlantic.com,SPA
Hastings Howie,Suite 36,(965) 1833776,hhowiehf@wordpress.com,SPP
Ennis Adamski,Room 1021,(988) 9119361,eadamskihg@discovery.com,SUN
Martica Nerval,PO Box 95292,(864) 2835733,mnervalhh@pagesperso-orange.fr,TSBP
Ernesta Bohlens,Apt 1689,(134) 8289815,ebohlenshi@npr.org,TSSA
Wendy Costigan,Suite 70,(314) 6662216,wcostiganhj@dmoz.org,TTP
Edeline Yantsurev,Suite 87,(469) 9866940,eyantsurevhk@exblog.jp,TWP
Erv Gleader,Suite 43,(781) 9493567,egleaderhl@unesco.org,UAP
Colet Skain,Apt 1808,(314) 3608369,cskainhm@census.gov,VEP
Dene Larwood,PO Box 41416,(673) 2890364,dlarwoodhn@mediafire.com,VNS
Aleece Imms,Suite 89,(239) 2113313,aimmsho@apache.org,WAP
Michal Santus,PO Box 83656,(755) 9053580,msantushp@shutterfly.com,IND
Marguerite Bernat,Apt 1702,(260) 2419905,mbernathq@chron.com,AG
Jerrie Antonoczyk,Suite 28,(556) 2667929,jantonoczykhr@va.gov,NATS
Hersch Donovin,PO Box 59525,(723) 5219843,hdonovinhs@nydailynews.com,AAHP
Tamarah Simeoli,15th Floor,(773) 8269668,tsimeoliht@prlog.org,ABFA
Andy Howkins,3rd Floor,(653) 4779568,ahowkinshu@flavors.me,ACP
Ramsey Seymour,Suite 96,(967) 6190982,rseymourhv@reference.com,AFN
Josiah Renshall,PO Box 13683,(672) 1667225,jrenshallhw@netscape.com,AJP
Geralda Benez,17th Floor,(459) 2899216,gbenezhx@sbwire.com,ALA
Merrily Fearneley,PO Box 42257,(986) 2861958,mfearneleyhy@adobe.com,ALP
Jerad Elcom,4th Floor,(559) 3211238,jelcomhz@moonfruit.com,AMHP
Carina Edlestone,9th Floor,(667) 6253884,cedlestonei0@netvibes.com,APEP
Cullie Draper,1st Floor,(386) 1802390,cdraperi1@tmall.com,ARTS
Thaddeus Chelnam,PO Box 21014,(624) 1584299,tchelnami2@reverbnation.com,ASP
Giuseppe McIlwraith,Apt 335,(235) 9295685,gmcilwraithi3@wisc.edu,AUC
Paule Smye,Apt 283,(331) 7029890,psmyei4@csmonitor.com,AUD
Piper Rawsen,20th Floor,(480) 8600343,prawseni5@posterous.com,AUP
Caitrin Gisbourn,PO Box 43355,(178) 6775390,cgisbourni6@reuters.com,AWP
Munmro Baversor,PO Box 62489,(965) 9408513,mbaversori7@imageshack.us,CA
Mose Bridgett,Suite 37,(879) 2907986,mbridgetti8@youtu.be,CDP
Red Alpin,19th Floor,(708) 9041437,ralpini9@illinois.edu,CEC
Inesita Mathan,10th Floor,(404) 3894132,imathania@smugmug.com,CLP
Dennison Heisman,Room 1449,(557) 4148838,dheismanib@gov.uk,CLR
Chic Poll,Suite 12,(539) 5062698,cpollic@taobao.com,CPP
Yoshiko Stapforth,Suite 70,(862) 8396201,ystapforthid@godaddy.com,CYA
Kipp Sarvar,Apt 1886,(179) 5798729,ksarvarie@amazon.co.jp,DHJP
Darcee Turpey,Suite 13,(132) 7951236,dturpeyif@youku.com,DLP
Winfred Burnapp,Room 1268,(925) 1757331,wburnappig@clickbank.net,FACN
Thayne McCrorie,PO Box 26621,(110) 4552233,tmccrorieih@guardian.co.uk,FLUX
Jayne O'Mannion,4th Floor,(524) 7113414,jomannionii@omniture.com,FUT
Marlee Barkess,PO Box 7726,(710) 8416103,mbarkessij@goodreads.com,GAP
Sharla Houliston,Apt 1023,(474) 4762266,shoulistonik@imageshack.us,GRN
Mathew Greste,Room 1116,(561) 8859099,mgresteil@last.fm,GVIC
Malinde Targett,Room 1097,(512) 7385282,mtargettim@icq.com,HMP
Valle Izatt,Room 1105,(287) 1112386,vizattin@loc.gov,ICAN
Binny Yallop,Apt 1742,(241) 4975836,byallopio@apache.org,IMO
Pietrek Daventry,PO Box 8244,(957) 3303243,pdaventryip@npr.org,JLN
Michelle Couttes,Suite 56,(810) 1244017,mcouttesiq@youtube.com,KAP
Charlotta Teulier,14th Floor,(804) 2827488,cteulierir@cloudflare.com,LAOL
Shawn Egdale,Room 1271,(542) 2807452,segdaleis@sun.com,LDP
Dino Hellen,Room 1488,(577) 6167572,dhellenit@reverbnation.com,LNP
Talyah Ogbourne,14th Floor,(947) 2662419,togbourneiu@jigsy.com,LP
Shana Lowdiane,Apt 1789,(898) 5480674,slowdianeiv@amazon.com,NCP
Kirstin Poulsen,Room 1686,(867) 5804617,kpoulseniw@earthlink.net,NMP
Annamarie Setter,PO Box 36185,(980) 7226854,asetterix@dropbox.com,NP
Geoffrey Snelling,6th Floor,(189) 5565722,gsnellingiy@webs.com,PHON
Alma Merioth,Apt 943,(661) 6487333,ameriothiz@slideshare.net,PIR
Nessi O'Flannery,PO Box 72062,(162) 2477040,noflanneryj0@ucoz.com,REAS
Klemens Kubatsch,PO Box 43896,(840) 2513192,kkubatschj1@slideshare.net,RPA
Eziechiele Mularkey,Apt 536,(364) 4660658,emularkeyj2@theguardian.com,RUA
Tripp Clutheram,Suite 28,(727) 9748930,tclutheramj3@squarespace.com,SAL
Blake Kinnen,9th Floor,(760) 6297429,bkinnenj4@g.co,SEP
Gaylord Kilbey,Suite 9,(450) 4571660,gkilbeyj5@tumblr.com,SOL
Marven de Merida,PO Box 19076,(361) 4222606,mdej6@bloomberg.com,SPA
Mattheus Ornells,Suite 19,(775) 3180670,mornellsj7@washington.edu,SPP
Quentin Croney,Apt 998,(216) 7125978,qcroneyj8@unesco.org,SUN
Heindrick Raynham,Suite 81,(188) 6433624,hraynhamj9@reuters.com,TSBP
Elisabet Letten,Room 1365,(349) 8039540,elettenja@sfgate.com,TSSA
Hortense Archbutt,Room 1102,(933) 6610753,harchbuttjb@irs.gov,TTP
Franciskus Hynam,Room 103,(121) 9809996,fhynamjc@cdbaby.com,TWP
Megan Pask,4th Floor,(877) 2666602,mpaskjd@hexun.com,UAP
Isabelle Wearden,14th Floor,(322) 5103179,iweardenje@jigsy.com,VEP
Wakefield Antrim,Apt 645,(671) 7670592,wantrimjf@usgs.gov,VNS
Izabel Memory,7th Floor,(713) 1418253,imemoryjg@sfgate.com,WAP
Giovanna Nutley,PO Box 49249,(319) 4696391,gnutleyjh@economist.com,IND
Vale Walworth,Apt 1386,(110) 8849401,vwalworthji@oaic.gov.au,AG
Steve Spratling,PO Box 94634,(290) 4528119,sspratlingjj@youtube.com,NATS
Deloris Tresler,13th Floor,(188) 8385763,dtreslerjk@shutterfly.com,AAHP
Shaina Crapper,PO Box 81559,(783) 5199423,scrapperjl@slideshare.net,ABFA
Mathe Twitchett,Apt 1259,(582) 3688913,mtwitchettjm@amazon.de,ACP
Israel Duthy,Apt 98,(734) 5749329,iduthyjn@nih.gov,AFN
Ainslee Carlaw,Suite 65,(978) 7717300,acarlawjo@360.cn,AJP
Andrea Sparrowe,Suite 34,(440) 6824872,asparrowejp@squidoo.com,ALA
Irwinn Riddett,Apt 1126,(895) 4694695,iriddettjq@plala.or.jp,ALP
Gwenni Dann,19th Floor,(982) 9970479,gdannjr@tmall.com,AMHP
Shalna Boyack,20th Floor,(372) 1471322,sboyackjs@alexa.com,APEP
Ignace Chamberlayne,Suite 39,(151) 8602756,ichamberlaynejt@bizjournals.com,ARTS
Merilee La Rosa,Apt 1270,(360) 9915039,mlaju@lulu.com,ASP
Dana Yarr,Room 1606,(900) 9409626,dyarrjv@ovh.net,AUC
Delano Rustedge,Apt 380,(717) 4490068,drustedgejw@usnews.com,AUD
Juana Stoving,5th Floor,(445) 4232041,jstovingjx@weebly.com,AUP
Garret Enstone,PO Box 26736,(701) 5714214,genstonejy@yahoo.co.jp,AWP
Janice McGiffie,Apt 1391,(890) 7910574,jmcgiffiejz@amazonaws.com,CA
Hesther Rameau,10th Floor,(632) 3309605,hrameauk0@fda.gov,CDP
Nicolina Trownson,1st Floor,(802) 5882265,ntrownsonk1@wsj.com,CEC
Ardelia Bonnette,Apt 645,(195) 7617487,abonnettek2@epa.gov,CLP
Aland Eloy,PO Box 94513,(192) 1622753,aeloyk3@com.com,CLR
Linell Measor,PO Box 15765,(367) 8601353,lmeasork4@spiegel.de,CPP
Carrissa Cavanaugh,Apt 806,(414) 9810707,ccavanaughk5@arstechnica.com,CYA
Guthry Cod,6th Floor,(751) 9350517,gcodk6@virginia.edu,DHJP
Penni Crisford,8th Floor,(630) 8590770,pcrisfordk7@macromedia.com,DLP
Martynne Earwaker,Suite 20,(580) 3908446,mearwakerk8@macromedia.com,FACN
Mari Brithman,Suite 39,(898) 4439646,mbrithmank9@smugmug.com,FLUX
Cyrille Hailey,PO Box 49055,(242) 4119114,chaileyka@latimes.com,FUT
Neall Bogue,Room 1650,(660) 2755363,nboguekb@reverbnation.com,GAP
Lilah O' Reagan,17th Floor,(618) 9368087,lokc@theguardian.com,GRN
Russ Bellchamber,Apt 1585,(483) 1987943,rbellchamberkd@about.me,GVIC
Prisca Bortoluzzi,PO Box 57691,(941) 3169385,pbortoluzzike@technorati.com,HMP
Humbert Rickaert,Room 1540,(332) 8580735,hrickaertkf@gov.uk,ICAN
Elwood Christophle,Apt 1515,(557) 7190168,echristophlekg@army.mil,IMO
Willabella Fitzhenry,Room 1042,(213) 6620055,wfitzhenrykh@buzzfeed.com,JLN
Ayn Ithell,Room 157,(156) 3960774,aithellki@webs.com,KAP
Salvidor MacFadzan,Apt 1926,(926) 4625432,smacfadzankj@webeden.co.uk,LAOL
Avis Leve,2nd Floor,(278) 4358848,alevekk@noaa.gov,LDP
Ardra Churchill,Room 1705,(247) 5869006,achurchillkl@t.co,LNP
Chancey Collihole,Suite 90,(208) 1468143,ccolliholekm@g.co,LP
Stephi Tavernor,10th Floor,(171) 8878830,stavernorkn@naver.com,NCP
Dania Warrington,Suite 40,(264) 8421700,dwarringtonko@hatena.ne.jp,NMP
Annecorinne Silveston,Apt 61,(501) 6595353,asilvestonkp@salon.com,NP
Gerald Treadgear,3rd Floor,(895) 4423867,gtreadgearkq@instagram.com,PHON
Arluene Ackenson,11th Floor,(233) 2088142,aackensonkr@exblog.jp,PIR
Marion Labdon,Apt 1512,(639) 5199318,mlabdonks@constantcontact.com,REAS
Shepherd Monkeman,Apt 727,(601) 1336403,smonkemankt@census.gov,RPA
Martha Grahl,Apt 1656,(615) 9542295,mgrahlku@walmart.com,RUA
Ezequiel Pendlebery,Room 1372,(338) 5420410,ependleberykv@usnews.com,SAL
Wesley Guiver,PO Box 39545,(398) 4861966,wguiverkw@google.pl,SEP
Dorey Norfolk,Suite 24,(526) 8893865,dnorfolkkx@ca.gov,SOL
Mohandas Himsworth,Suite 3,(770) 2328269,mhimsworthky@t.co,SPA
Gregorius Boocock,PO Box 61643,(513) 3586325,gboocockkz@seattletimes.com,SPP
Bellanca Boik,PO Box 41120,(171) 6221241,bboikl0@ucla.edu,SUN
Hercules Springell,8th Floor,(887) 2938238,hspringelll1@google.it,TSBP
Lorant Rosenfield,Room 454,(815) 3179479,lrosenfieldl2@usa.gov,TSSA
Salomon Layburn,PO Box 27570,(838) 6962601,slayburnl3@sina.com.cn,TTP
Marion Gibbons,Apt 1622,(350) 9756391,mgibbonsl4@vistaprint.com,TWP
Evangelin Puddefoot,PO Box 5030,(432) 4534809,epuddefootl5@addtoany.com,UAP
Arlena Buterton,Room 1548,(399) 4548895,abutertonl6@cyberchimps.com,VEP
Editha Schiementz,Apt 1117,(713) 3338424,eschiementzl7@youtu.be,VNS
Maggie Rabson,Apt 1583,(391) 7057595,mrabsonl8@japanpost.jp,WAP
Vernon Govenlock,Suite 58,(261) 3939536,vgovenlockl9@pinterest.com,IND
Torey Silverlock,2nd Floor,(569) 6714868,tsilverlockla@ning.com,AG
Richie Lazenbury,Apt 1750,(112) 3557818,rlazenburylb@soundcloud.com,NATS
Lindsey Lush,Apt 1912,(653) 8267759,llushlc@flickr.com,AAHP
Nikolia Whitear,4th Floor,(817) 9561406,nwhitearld@archive.org,ABFA
Hyacinthe Newman,Apt 1690,(578) 6643056,hnewmanle@samsung.com,ACP
Tris Learmond,Suite 15,(383) 4976285,tlearmondlf@hp.com,AFN
De Menchenton,Room 114,(776) 6888355,dmenchentonlg@slashdot.org,AJP
Eloise Keson,Room 1120,(699) 5037039,ekesonlh@meetup.com,ALA
Kyrstin Grishanin,Suite 62,(842) 5098556,kgrishaninli@artisteer.com,ALP
Shanta Godfery,Room 69,(685) 5005441,sgodferylj@sohu.com,AMHP
Briana Cleynaert,Suite 53,(388) 6587228,bcleynaertlk@pcworld.com,APEP
Charlie Adenot,PO Box 7230,(892) 2053232,cadenotll@naver.com,ARTS
Derron Duckit,Room 1783,(700) 5123657,dduckitlm@eepurl.com,ASP
Gino Ewdale,Room 484,(916) 2138376,gewdaleln@gravatar.com,AUC
Anna Chaundy,PO Box 77241,(998) 9245030,achaundylo@etsy.com,AUD
Lewie Karchewski,Room 556,(574) 5239736,lkarchewskilp@cpanel.net,AUP
Tilda Zanussii,Room 1036,(735) 8569294,tzanussiilq@alexa.com,AWP
Standford Hagart,Apt 1328,(960) 5582977,shagartlr@usnews.com,CA
Bonnee Birden,Suite 96,(756) 9241381,bbirdenls@fema.gov,CDP
Brett Crilley,Apt 1176,(732) 1072766,bcrilleylt@tripod.com,CEC
Elora Guyers,14th Floor,(760) 6143744,eguyerslu@people.com.cn,CLP
Jon Ferne,Room 818,(833) 9757782,jfernelv@booking.com,CLR
Eda Khalid,Suite 89,(855) 1643750,ekhalidlw@cnet.com,CPP
Crawford Schustl,Room 989,(546) 9256818,cschustllx@skype.com,CYA
Andres Keemer,Apt 169,(741) 6907381,akeemerly@google.com.au,DHJP
Ailbert Teese,Suite 21,(943) 7207867,ateeselz@paginegialle.it,DLP
Raymond Servante,PO Box 13753,(378) 4907216,rservantem0@globo.com,FACN
Modesta Warlow,Room 1414,(909) 6286567,mwarlowm1@pbs.org,FLUX
Horatio Christensen,PO Box 92999,(732) 6800964,hchristensenm2@amazon.de,FUT
Adrianna Roistone,Room 566,(935) 6432703,aroistonem3@squarespace.com,GAP
Arlan Mottram,PO Box 58206,(505) 2976907,amottramm4@oakley.com,GRN
Gwenni Heddan,Room 1782,(322) 6711942,gheddanm5@exblog.jp,GVIC
Barny Sawkin,2nd Floor,(412) 4135284,bsawkinm6@webmd.com,HMP
Giselbert Bowmaker,Suite 22,(525) 3724687,gbowmakerm7@wordpress.com,ICAN
Rosetta Archdeckne,PO Box 46268,(389) 9294430,rarchdecknem8@de.vu,IMO
Janet Andric,Suite 50,(811) 1044149,jandricm9@booking.com,JLN
Eden Lesser,Room 1305,(766) 5155574,elesserma@archive.org,KAP
Denys Defond,PO Box 76539,(234) 3901535,ddefondmb@blogger.com,LAOL
Ardelia Bathow,Room 1350,(171) 4592264,abathowmc@sfgate.com,LDP
Brandise Symmons,PO Box 87123,(455) 6496203,bsymmonsmd@pcworld.com,LNP
Jonell Martina,PO Box 34234,(214) 9074543,jmartiname@de.vu,LP
Humfrey Stapels,Room 1188,(758) 3306285,hstapelsmf@sfgate.com,NCP
Jackqueline Gaunson,Apt 1746,(262) 3131741,jgaunsonmg@house.gov,NMP
Angel Vondra,Room 603,(132) 3033740,avondramh@canalblog.com,NP
Annmarie Scutter,18th Floor,(491) 4274196,ascuttermi@wp.com,PHON
Deloria Surpliss,Apt 1571,(155) 5999419,dsurplissmj@ebay.co.uk,PIR
Angel Greening,Room 679,(902) 8014531,agreeningmk@hc360.com,REAS
Zsazsa Deppen,Room 1987,(931) 4481722,zdeppenml@skyrock.com,RPA
Cornelle Coners,PO Box 35249,(744) 2841134,cconersmm@nymag.com,RUA
Kippy Mowat,Apt 1039,(433) 7101894,kmowatmn@nasa.gov,SAL
Gertrudis Storey,Suite 79,(203) 6786481,gstoreymo@sun.com,SEP
Liane Calder,Suite 95,(873) 4525285,lcaldermp@seattletimes.com,SOL
Elicia Bayston,PO Box 19778,(641) 8708567,ebaystonmq@merriam-webster.com,SPA
Larisa Favey,Apt 375,(912) 8232123,lfaveymr@multiply.com,SPP
Debor Ebbs,19th Floor,(826) 8227552,debbsms@epa.gov,SUN
Feodor Hazzard,Apt 394,(438) 1395256,fhazzardmt@so-net.ne.jp,TSBP
Read Tennock,PO Box 46570,(104) 7406747,rtennockmu@i2i.jp,TSSA
Ulrika Banishevitz,Room 306,(108) 9462992,ubanishevitzmv@icio.us,TTP
Pren Mitro,16th Floor,(483) 8463594,pmitromw@wisc.edu,TWP
Denice Woodage,8th Floor,(474) 9292025,dwoodagemx@yelp.com,UAP
Alano Haseldine,Suite 32,(224) 6683581,ahaseldinemy@smh.com.au,VEP
Annabel Collidge,Room 187,(300) 8904946,acollidgemz@istockphoto.com,VNS
Darya Healing,PO Box 64276,(362) 4542431,dhealingn0@cnn.com,WAP
Maryl Friary,Apt 1720,(103) 8942838,mfriaryn1@flavors.me,IND
Jarred Ruthven,Apt 1026,(623) 1299677,jruthvenn2@unc.edu,AG
Noemi Rounsefell,PO Box 75757,(444) 1870843,nrounsefelln3@google.com.hk,NATS
Susana Sahlstrom,20th Floor,(600) 8583543,ssahlstromn4@noaa.gov,AAHP
Deni Timmermann,Apt 1131,(986) 6507952,dtimmermannn5@imdb.com,ABFA
Annie Izakovitz,Suite 31,(212) 9460216,aizakovitzn6@wordpress.com,ACP
Gillie Parlour,Apt 122,(359) 8223891,gparlourn7@cbslocal.com,AFN
Chuck Dingsdale,Apt 1510,(458) 4114829,cdingsdalen8@gov.uk,AJP
Galven Tofano,Suite 11,(949) 1762469,gtofanon9@spiegel.de,ALA
Goldia Wavish,4th Floor,(635) 4512485,gwavishna@opensource.org,ALP
Jenna Esby,2nd Floor,(664) 4145320,jesbynb@usatoday.com,AMHP
Perren Raison,Room 1412,(143) 3113884,praisonnc@unc.edu,APEP
Burton McNeely,1st Floor,(240) 2416440,bmcneelynd@drupal.org,ARTS
Darleen Klisch,Suite 65,(433) 6115126,dklischne@fotki.com,ASP
Gustav Renfrew,Room 1467,(442) 6293314,grenfrewnf@msn.com,AUC
Shalne Breche,Apt 1849,(601) 9793592,sbrecheng@bing.com,AUD
Shauna Deniseau,Suite 15,(786) 6156443,sdeniseaunh@geocities.com,AUP
Kerrin Summergill,PO Box 9004,(506) 3942918,ksummergillni@loc.gov,AWP
Jelene Akid,Apt 1638,(870) 8456792,jakidnj@patch.com,CA
Weidar O'Leahy,Apt 1523,(242) 8393443,woleahynk@blogspot.com,CDP
Ruthy Sturch,Suite 29,(784) 6992283,rsturchnl@jimdo.com,CEC
Caprice Moulsdale,Suite 22,(441) 1143853,cmoulsdalenm@hatena.ne.jp,CLP
Cody Perford,PO Box 77662,(145) 8851780,cperfordnn@google.it,CLR
Stanford Kettell,PO Box 30621,(906) 2397232,skettellno@discuz.net,CPP
Rosaleen Larraway,PO Box 85907,(425) 1791901,rlarrawaynp@dedecms.com,CYA
Lenka Coomes,8th Floor,(925) 6287000,lcoomesnq@blogtalkradio.com,DHJP
Gregorius Hanniger,Suite 38,(481) 5627089,ghannigernr@ed.gov,DLP
Carmina Mabee,3rd Floor,(216) 1879393,cmabeens@taobao.com,FACN
Ash Elecum,7th Floor,(342) 8849266,aelecumnt@buzzfeed.com,FLUX
Zuzana Sillett,Apt 1919,(907) 5459452,zsillettnu@exblog.jp,FUT
Berti Rickert,Room 938,(229) 6275616,brickertnv@boston.com,GAP
Roxy Trussler,Apt 1705,(157) 9438031,rtrusslernw@sphinn.com,GRN
Heloise Sussams,Room 1594,(356) 2326236,hsussamsnx@wikipedia.org,GVIC
Gaby Gainsburgh,17th Floor,(691) 4636356,ggainsburghny@rediff.com,HMP
Noami Gillison,Suite 88,(273) 5298968,ngillisonnz@bizjournals.com,ICAN
Kippy Klemensiewicz,Suite 57,(809) 3033932,kklemensiewiczo0@nydailynews.com,IMO
Verina Shilliday,15th Floor,(996) 2218849,vshillidayo1@businesswire.com,JLN
Eugenie Clubbe,PO Box 66710,(219) 5169084,eclubbeo2@drupal.org,KAP
Theresa Leahey,10th Floor,(550) 5608828,tleaheyo3@icq.com,LAOL
Gaby Casbon,Apt 303,(289) 3495206,gcasbono4@bbc.co.uk,LDP
Sophronia Davidowsky,Room 928,(179) 9298607,sdavidowskyo5@un.org,LNP
Dionysus Careless,Apt 895,(674) 9230137,dcarelesso6@t.co,LP
Natalie McEntagart,PO Box 99345,(595) 3989861,nmcentagarto7@imdb.com,NCP
Glen Petrik,Suite 10,(522) 3560495,gpetriko8@forbes.com,NMP
Kristi Seligson,Room 1671,(206) 1379795,kseligsono9@123-reg.co.uk,NP
Justen Jankovsky,Room 1371,(860) 8576352,jjankovskyoa@indiegogo.com,PHON
Madelaine Tenniswood,Suite 78,(772) 8149038,mtenniswoodob@tinyurl.com,PIR
Giuseppe Simcox,Room 1296,(612) 5390284,gsimcoxoc@icio.us,REAS
Leona Spargo,Apt 1987,(845) 7013560,lspargood@blogger.com,RPA
Dian Brosetti,3rd Floor,(786) 3691034,dbrosettioe@yahoo.com,RUA
Theresita Stennard,Suite 64,(318) 2565304,tstennardof@ucoz.com,SAL
Georgianne Symson,PO Box 49188,(546) 5824432,gsymsonog@cnet.com,SEP
Theobald Valerius,Room 1771,(636) 6263049,tvaleriusoh@dedecms.com,SOL
Hugibert Ivanishchev,16th Floor,(709) 9340967,hivanishchevoi@kickstarter.com,SPA
Dallas Hurling,Apt 1217,(239) 1952410,dhurlingoj@mapquest.com,SPP
Shawn Scheffler,Suite 98,(641) 1448089,sschefflerok@comsenz.com,SUN
Kinnie Eyckel,Suite 17,(743) 5226630,keyckelol@meetup.com,TSBP
Grayce Griffey,PO Box 45432,(592) 3800625,ggriffeyom@wix.com,TSSA
Munroe Verdey,8th Floor,(505) 7281000,mverdeyon@auda.org.au,TTP
Barbette Readshaw,PO Box 18688,(214) 1422899,breadshawoo@slate.com,TWP
Adela Klassmann,15th Floor,(693) 6314557,aklassmannop@etsy.com,UAP
Selinda Gascoine,Room 475,(916) 8959380,sgascoineoq@epa.gov,VEP
Moritz Simmill,4th Floor,(315) 3715609,msimmillor@goo.ne.jp,VNS
Torre Popping,Suite 48,(332) 4318148,tpoppingos@hhs.gov,WAP
Anastassia Greenleaf,3rd Floor,(671) 1543993,agreenleafot@paginegialle.it,IND
Merci Thackray,Apt 489,(125) 2015610,mthackrayou@narod.ru,AG
Gerardo Buckel,Suite 7,(560) 3645200,gbuckelov@reverbnation.com,NATS
Elane Bredes,Suite 26,(377) 2372648,ebredesow@fema.gov,AAHP
Vernor Baud,Suite 8,(993) 2726645,vbaudox@huffingtonpost.com,ABFA
Beatrice Gouldie,Room 84,(189) 7992126,bgouldieoy@tumblr.com,ACP
Nolan Rogerot,Room 1394,(949) 1763271,nrogerotoz@stanford.edu,AFN
Kayla Jenking,Suite 100,(267) 6850119,kjenkingp0@cornell.edu,AJP
Heddi Walkling,PO Box 82808,(270) 5403791,hwalklingp1@ibm.com,ALA
Sybil Mougenel,Suite 73,(379) 3541860,smougenelp2@alexa.com,ALP
Arlee Hebblewaite,Suite 2,(271) 6371037,ahebblewaitep3@nsw.gov.au,AMHP
Melisse Dessant,8th Floor,(997) 4263091,mdessantp4@cnbc.com,APEP
Caryl Throughton,PO Box 3118,(231) 1325056,cthroughtonp5@hexun.com,ARTS
